{"cameraMode":{"drawMode":0,"name":"Shaded","section":"Shading Mode"},"sceneLighting":true,"audioPlay":false,"sceneViewState":{"showFog":true,"showMaterialUpdate":true,"showSkybox":true,"showFlares":true,"showImageEffects":true,"showParticleSystems":true},"in2DMode":false,"pivot":{"x":4.692329406738281,"y":68.53321838378906,"z":-29.056060791015626},"rotation":{"x":0.10999038070440293,"y":-0.6412679553031921,"z":0.09355201572179795,"w":0.7536383867263794},"size":-0.2908383011817932,"orthographic":false}