{"cameraMode":{"drawMode":0,"name":"Shaded","section":"Shading Mode"},"sceneLighting":true,"audioPlay":false,"sceneViewState":{"showFog":true,"showMaterialUpdate":true,"showSkybox":true,"showFlares":true,"showImageEffects":true,"showParticleSystems":true},"in2DMode":false,"pivot":{"x":-2.812991142272949,"y":57.862998962402347,"z":-38.31999969482422},"rotation":{"x":-0.01634017564356327,"y":-0.9828033447265625,"z":0.10745036602020264,"w":-0.14942894876003266},"size":5.3193440437316898,"orthographic":false}