{"cameraMode":{"drawMode":0,"name":"Shaded","section":"Shading Mode"},"sceneLighting":true,"audioPlay":false,"sceneViewState":{"showFog":true,"showMaterialUpdate":true,"showSkybox":true,"showFlares":true,"showImageEffects":true,"showParticleSystems":true},"in2DMode":false,"pivot":{"x":-7.336507797241211,"y":57.992164611816409,"z":-29.796924591064454},"rotation":{"x":0.0007191215991042554,"y":-0.9993069767951965,"z":-0.030589506030082704,"w":-0.022197270765900613},"size":2.113358974456787,"orthographic":false}