{"cameraMode":{"drawMode":0,"name":"Shaded","section":"Shading Mode"},"sceneLighting":true,"audioPlay":false,"sceneViewState":{"showFog":true,"showMaterialUpdate":true,"showSkybox":true,"showFlares":true,"showImageEffects":true,"showParticleSystems":true},"in2DMode":false,"pivot":{"x":-7.948617935180664,"y":58.573219299316409,"z":-46.234588623046878},"rotation":{"x":0.0018036446999758483,"y":0.9979379177093506,"z":-0.03234267234802246,"w":0.055739160627126697},"size":45.37364196777344,"orthographic":false}