{"cameraMode":{"drawMode":0,"name":"Shaded","section":"Shading Mode"},"sceneLighting":true,"audioPlay":false,"sceneViewState":{"showFog":true,"showMaterialUpdate":true,"showSkybox":true,"showFlares":true,"showImageEffects":true,"showParticleSystems":true},"in2DMode":false,"pivot":{"x":2.7458255290985109,"y":65.1361312866211,"z":-35.36680603027344},"rotation":{"x":0.03684840723872185,"y":0.6612883806228638,"z":0.032555967569351199,"w":-0.7485265135765076},"size":25.460609436035158,"orthographic":false}