{"cameraMode":{"drawMode":0,"name":"Shaded","section":"Shading Mode"},"sceneLighting":true,"audioPlay":false,"sceneViewState":{"showFog":true,"showMaterialUpdate":true,"showSkybox":true,"showFlares":true,"showImageEffects":true,"showParticleSystems":true},"in2DMode":false,"pivot":{"x":-5.328010559082031,"y":66.06476593017578,"z":-43.84574890136719},"rotation":{"x":0.07220052927732468,"y":0.1312684416770935,"z":-0.009590321220457554,"w":0.9886823296546936},"size":22.263933181762697,"orthographic":false}