{"cameraMode":{"drawMode":0,"name":"Shaded","section":"Shading Mode"},"sceneLighting":true,"audioPlay":false,"sceneViewState":{"showFog":true,"showMaterialUpdate":true,"showSkybox":true,"showFlares":true,"showImageEffects":true,"showParticleSystems":true},"in2DMode":false,"pivot":{"x":-17.380712509155275,"y":60.86163330078125,"z":-33.42477035522461},"rotation":{"x":0.23820385336875916,"y":-0.6341503858566284,"z":0.21463748812675477,"w":0.70362389087677},"size":53.65846633911133,"orthographic":false}