{"cameraMode":{"drawMode":0,"name":"Shaded","section":"Shading Mode"},"sceneLighting":true,"audioPlay":false,"sceneViewState":{"showFog":true,"showMaterialUpdate":true,"showSkybox":true,"showFlares":true,"showImageEffects":true,"showParticleSystems":true},"in2DMode":false,"pivot":{"x":-2.8453798294067385,"y":57.92969512939453,"z":-38.38566589355469},"rotation":{"x":0.0004299217544030398,"y":-0.9973737597465515,"z":-0.07253842800855637,"w":-0.005699568893760443},"size":2.700678586959839,"orthographic":false}