{"cameraMode":{"drawMode":0,"name":"Shaded","section":"Shading Mode"},"sceneLighting":true,"audioPlay":false,"sceneViewState":{"showFog":true,"showMaterialUpdate":true,"showSkybox":true,"showFlares":true,"showImageEffects":true,"showParticleSystems":true},"in2DMode":false,"pivot":{"x":-4.193940162658691,"y":59.35995101928711,"z":-44.47185134887695},"rotation":{"x":-0.04222998395562172,"y":-0.9479734301567078,"z":0.14212222397327424,"w":-0.2817462086677551},"size":1.8354079723358155,"orthographic":false}