{"cameraMode":{"drawMode":0,"name":"Shaded","section":"Shading Mode"},"sceneLighting":true,"audioPlay":false,"sceneViewState":{"showFog":true,"showMaterialUpdate":true,"showSkybox":true,"showFlares":true,"showImageEffects":true,"showParticleSystems":true},"in2DMode":false,"pivot":{"x":-9.3685884475708,"y":64.27214813232422,"z":-37.678279876708987},"rotation":{"x":-0.0048729474656283859,"y":-0.7068814039230347,"z":0.004882792476564646,"w":-0.7073320746421814},"size":7.135360240936279,"orthographic":false}