{"cameraMode":{"drawMode":0,"name":"Shaded","section":"Shading Mode"},"sceneLighting":true,"audioPlay":false,"sceneViewState":{"showFog":true,"showMaterialUpdate":true,"showSkybox":true,"showFlares":true,"showImageEffects":true,"showParticleSystems":true},"in2DMode":false,"pivot":{"x":-2.114523410797119,"y":57.97567367553711,"z":-43.34750747680664},"rotation":{"x":-0.20541620254516602,"y":-0.6954284906387329,"z":0.21880008280277253,"w":-0.6529374718666077},"size":43.791168212890628,"orthographic":false}