{"cameraMode":{"drawMode":0,"name":"Shaded","section":"Shading Mode"},"sceneLighting":true,"audioPlay":false,"sceneViewState":{"showFog":true,"showMaterialUpdate":true,"showSkybox":true,"showFlares":true,"showImageEffects":true,"showParticleSystems":true},"in2DMode":false,"pivot":{"x":-2.7707622051239015,"y":57.92961502075195,"z":-45.545677185058597},"rotation":{"x":-0.061732929199934009,"y":-0.6932178139686585,"z":-0.05987178906798363,"w":0.7156102657318115},"size":4.936983585357666,"orthographic":false}