{"cameraMode":{"drawMode":0,"name":"Shaded","section":"Shading Mode"},"sceneLighting":true,"audioPlay":false,"sceneViewState":{"showFog":true,"showMaterialUpdate":true,"showSkybox":true,"showFlares":true,"showImageEffects":true,"showParticleSystems":true},"in2DMode":false,"pivot":{"x":-5.809759616851807,"y":67.25370025634766,"z":-43.91969299316406},"rotation":{"x":-0.02705567516386509,"y":0.9594303965568543,"z":0.09878534823656082,"w":0.2627395987510681},"size":11.57304573059082,"orthographic":false}