{"cameraMode":{"drawMode":0,"name":"Shaded","section":"Shading Mode"},"sceneLighting":true,"audioPlay":false,"sceneViewState":{"showFog":true,"showMaterialUpdate":true,"showSkybox":true,"showFlares":true,"showImageEffects":true,"showParticleSystems":true},"in2DMode":false,"pivot":{"x":-6.412343502044678,"y":58.26454162597656,"z":-19.454240798950197},"rotation":{"x":0.03588332235813141,"y":0.9580518007278442,"z":-0.1383322775363922,"w":0.24850821495056153},"size":7.783092498779297,"orthographic":false}