{"cameraMode":{"drawMode":0,"name":"Shaded","section":"Shading Mode"},"sceneLighting":false,"audioPlay":false,"sceneViewState":{"showFog":true,"showMaterialUpdate":true,"showSkybox":false,"showFlares":true,"showImageEffects":true,"showParticleSystems":true},"in2DMode":false,"pivot":{"x":0.0422288179397583,"y":1.066615104675293,"z":0.05432254076004028},"rotation":{"x":0.007524958811700344,"y":-0.9878775477409363,"z":0.14658665657043458,"w":0.050714023411273959},"size":4.936979293823242,"orthographic":false}