{"cameraMode":{"drawMode":0,"name":"Shaded","section":"Shading Mode"},"sceneLighting":true,"audioPlay":false,"sceneViewState":{"showFog":true,"showMaterialUpdate":true,"showSkybox":true,"showFlares":true,"showImageEffects":true,"showParticleSystems":true},"in2DMode":false,"pivot":{"x":-3.7023019790649416,"y":59.60182571411133,"z":-37.80274963378906},"rotation":{"x":-0.0033582793548703195,"y":0.9962900876998901,"z":-0.04575967788696289,"w":-0.07306256890296936},"size":4.7367048263549809,"orthographic":false}